<?xml version="1.0"?>
 <root>
 <!-- Start menuItem Listings-->
    <menuItem itemNumber="a">
    <hyperLink>/default/default.aspx</hyperLink>
        <name>Home</name>
    </menuItem>
    <menuItem itemNumber="b">
        <hyperLink/>
       <name>About Us</name>
       <menuItem itemNumber="b1">
           <hyperLink>/calendar/default.aspx</hyperLink>
           <name>Events Calendar</name>
       </menuItem>
       <menuItem itemNumber="b2">
           <hyperLink>/news/default.aspx</hyperLink>
           <name>Press Releases</name>
       </menuItem>
       <menuItem itemNumber="b3">
           <hyperLink>/contact/default.aspx</hyperLink>
           <name>Contact Numbers</name>
       </menuItem>
   </menuItem>
  <!-- End menuItem Listings-->
</root>
