<?xml version="1.0"?>
  <root>
  <menuItem>Home</menuItem>
  <!--
  <menuItem>
    <hyperLink/>
    <name>About Us</name>
    <menuItem itemNumber="2a">
        <hyperLink>/calendar/default.aspx</hyperLink>
       <name>Events Calendar</name>
   </menuItem>
   <menuItem itemNumber="2b">
       <hyperLink>/news/default.aspx</hyperLink>
       <name>Press Releases</name>
   </menuItem>
   <menuItem itemNumber="2c">
       <hyperLink>/contact/default.aspx</hyperLink>
       <name>Contact Numbers</name>
   </menuItem>
 </menuItem>
 -->
 </root>




