<?xml version="1.0" encoding="UTF-8" standalone="yes"?>
<root>
	<!-- Start menuItem Listings-->
	<menuItem itemNumber="1">
		<hyperLink>/default/default.aspx</hyperLink>
		<name>Home</name>
	</menuItem>
	<menuItem itemNumber="2">
		<hyperLink/>
		<name>About Us</name>
		<menuItem itemNumber="2a">
			<hyperLink>/calendar/default.aspx</hyperLink>
			<name>Events Calendar</name>
		</menuItem>
		<menuItem itemNumber="2b">
			<hyperLink>/news/default.aspx</hyperLink>
			<name>Press Releases</name>
		</menuItem>
		<menuItem itemNumber="2c">
			<hyperLink>/contact/default.aspx</hyperLink>
			<name>Contact Numbers</name>
		</menuItem>
	</menuItem>
	<!-- End menuItem Listings-->
</root>
