<?xml version="1.0"?>
<root>
<request id="5-14-2001-9-33-07-AM
"><dateTime>5/14/2001 9:33:07 AM</dateTime>
<startDate>asf</startDate>
<endDate>asf</endDate>
<dueDate>asf</dueDate>
<projectTime>asf</projectTime>
<cost>asf</cost>
<jobCode>ITV1200</jobCode>
<contactName>saf</contactName>
<contactDepartment>sf</contactDepartment>
<contactStreet>saf</contactStreet>
<contactCity>asf</contactCity>
<contactState>sa</contactState>
<contactZip>saf</contactZip>
<contactPhone>saf</contactPhone>
<contactFax>saf</contactFax>
<contactEmail>asf</contactEmail>
<jobStreet>asf</jobStreet>
<jobCity>saf</jobCity>
<jobState>as</jobState>
<jobZip>asf</jobZip>
</request>

<request id="6-7-2001-8-13-28-PM
"><dateTime>6/7/2001 8:13:28 PM</dateTime>
<startDate>04/01/2001</startDate>
<endDate>04/10/2001</endDate>
<dueDate>01/15/2001</dueDate>
<projectTime>80</projectTime>
<projectLength>hours</projectLength>
<cost>5000</cost>
<jobCode>ITV1801</jobCode>
<contactName>Dan</contactName>
<contactDepartment>Wahlin</contactDepartment>
<contactStreet>1234 Anywhere St.</contactStreet>
<contactCity>Phoenix</contactCity>
<contactState>AZ</contactState>
<contactZip>85448</contactZip>
<contactPhone>123-1234</contactPhone>
<contactFax>123-4321</contactFax>
<contactEmail>dwahlin@hotmail.com</contactEmail>
<jobStreet>1234 </jobStreet>
<jobCity></jobCity>
<jobState></jobState>
<jobZip></jobZip>
</request>

