<?xml version="1.0" standalone="yes"?>
<NewDataSet>
  <Customers>
    <CustomerID>DUMON</CustomerID>
    <CompanyName>Du monde entier</CompanyName>
    <ContactName>Janine Labrune</ContactName>
    <ContactTitle>Owner</ContactTitle>
    <Address>67, rue des Cinquante Otages</Address>
    <City>Nantes</City>
    <PostalCode>44000</PostalCode>
    <Country>France</Country>
    <Phone>40.67.88.88</Phone>
    <Fax>40.67.89.89</Fax>
  </Customers>
  <Customers>
    <CustomerID>DRACD</CustomerID>
    <CompanyName>Drachenblut Delikatessen</CompanyName>
    <ContactName>Sven Ottlieb</ContactName>
    <ContactTitle>Order Administrator</ContactTitle>
    <Address>Walserweg 21</Address>
    <City>Aachen</City>
    <PostalCode>52066</PostalCode>
    <Country>Germany</Country>
    <Phone>0241-039123</Phone>
    <Fax>0241-059428</Fax>
  </Customers>
  <Orders>
    <OrderID>10311</OrderID>
    <CustomerID>DUMON</CustomerID>
    <EmployeeID>1</EmployeeID>
    <OrderDate>1996-09-20T00:00:00.0000</OrderDate>
    <RequiredDate>1996-10-04T00:00:00.0000</RequiredDate>
    <ShippedDate>1996-09-26T00:00:00.0000</ShippedDate>
    <ShipVia>3</ShipVia>
    <Freight>24.69</Freight>
    <ShipName>Du monde entier</ShipName>
    <ShipAddress>67, rue des Cinquante Otages</ShipAddress>
    <ShipCity>Nantes</ShipCity>
    <ShipPostalCode>44000</ShipPostalCode>
    <ShipCountry>France</ShipCountry>
  </Orders>
  <Orders>
    <OrderID>10363</OrderID>
    <CustomerID>DRACD</CustomerID>
    <EmployeeID>4</EmployeeID>
    <OrderDate>1996-11-26T00:00:00.0000</OrderDate>
    <RequiredDate>1996-12-24T00:00:00.0000</RequiredDate>
    <ShippedDate>1996-12-04T00:00:00.0000</ShippedDate>
    <ShipVia>3</ShipVia>
    <Freight>30.54</Freight>
    <ShipName>Drachenblut Delikatessen</ShipName>
    <ShipAddress>Walserweg 21</ShipAddress>
    <ShipCity>Aachen</ShipCity>
    <ShipPostalCode>52066</ShipPostalCode>
    <ShipCountry>Germany</ShipCountry>
  </Orders>
  <Orders>
    <OrderID>10391</OrderID>
    <CustomerID>DRACD</CustomerID>
    <EmployeeID>3</EmployeeID>
    <OrderDate>1996-12-23T00:00:00.0000</OrderDate>
    <RequiredDate>1997-01-20T00:00:00.0000</RequiredDate>
    <ShippedDate>1996-12-31T00:00:00.0000</ShippedDate>
    <ShipVia>3</ShipVia>
    <Freight>5.45</Freight>
    <ShipName>Drachenblut Delikatessen</ShipName>
    <ShipAddress>Walserweg 21</ShipAddress>
    <ShipCity>Aachen</ShipCity>
    <ShipPostalCode>52066</ShipPostalCode>
    <ShipCountry>Germany</ShipCountry>
  </Orders>
  <Orders>
    <OrderID>10609</OrderID>
    <CustomerID>DUMON</CustomerID>
    <EmployeeID>7</EmployeeID>
    <OrderDate>1997-07-24T00:00:00.0000</OrderDate>
    <RequiredDate>1997-08-21T00:00:00.0000</RequiredDate>
    <ShippedDate>1997-07-30T00:00:00.0000</ShippedDate>
    <ShipVia>2</ShipVia>
    <Freight>1.85</Freight>
    <ShipName>Du monde entier</ShipName>
    <ShipAddress>67, rue des Cinquante Otages</ShipAddress>
    <ShipCity>Nantes</ShipCity>
    <ShipPostalCode>44000</ShipPostalCode>
    <ShipCountry>France</ShipCountry>
  </Orders>
  <Orders>
    <OrderID>10683</OrderID>
    <CustomerID>DUMON</CustomerID>
    <EmployeeID>2</EmployeeID>
    <OrderDate>1997-09-26T00:00:00.0000</OrderDate>
    <RequiredDate>1997-10-24T00:00:00.0000</RequiredDate>
    <ShippedDate>1997-10-01T00:00:00.0000</ShippedDate>
    <ShipVia>1</ShipVia>
    <Freight>4.4</Freight>
    <ShipName>Du monde entier</ShipName>
    <ShipAddress>67, rue des Cinquante Otages</ShipAddress>
    <ShipCity>Nantes</ShipCity>
    <ShipPostalCode>44000</ShipPostalCode>
    <ShipCountry>France</ShipCountry>
  </Orders>
  <Orders>
    <OrderID>10797</OrderID>
    <CustomerID>DRACD</CustomerID>
    <EmployeeID>7</EmployeeID>
    <OrderDate>1997-12-25T00:00:00.0000</OrderDate>
    <RequiredDate>1998-01-22T00:00:00.0000</RequiredDate>
    <ShippedDate>1998-01-05T00:00:00.0000</ShippedDate>
    <ShipVia>2</ShipVia>
    <Freight>33.35</Freight>
    <ShipName>Drachenblut Delikatessen</ShipName>
    <ShipAddress>Walserweg 21</ShipAddress>
    <ShipCity>Aachen</ShipCity>
    <ShipPostalCode>52066</ShipPostalCode>
    <ShipCountry>Germany</ShipCountry>
  </Orders>
  <Orders>
    <OrderID>10825</OrderID>
    <CustomerID>DRACD</CustomerID>
    <EmployeeID>1</EmployeeID>
    <OrderDate>1998-01-09T00:00:00.0000</OrderDate>
    <RequiredDate>1998-02-06T00:00:00.0000</RequiredDate>
    <ShippedDate>1998-01-14T00:00:00.0000</ShippedDate>
    <ShipVia>1</ShipVia>
    <Freight>79.25</Freight>
    <ShipName>Drachenblut Delikatessen</ShipName>
    <ShipAddress>Walserweg 21</ShipAddress>
    <ShipCity>Aachen</ShipCity>
    <ShipPostalCode>52066</ShipPostalCode>
    <ShipCountry>Germany</ShipCountry>
  </Orders>
  <Orders>
    <OrderID>10890</OrderID>
    <CustomerID>DUMON</CustomerID>
    <EmployeeID>7</EmployeeID>
    <OrderDate>1998-02-16T00:00:00.0000</OrderDate>
    <RequiredDate>1998-03-16T00:00:00.0000</RequiredDate>
    <ShippedDate>1998-02-18T00:00:00.0000</ShippedDate>
    <ShipVia>1</ShipVia>
    <Freight>32.76</Freight>
    <ShipName>Du monde entier</ShipName>
    <ShipAddress>67, rue des Cinquante Otages</ShipAddress>
    <ShipCity>Nantes</ShipCity>
    <ShipPostalCode>44000</ShipPostalCode>
    <ShipCountry>France</ShipCountry>
  </Orders>
  <Orders>
    <OrderID>11036</OrderID>
    <CustomerID>DRACD</CustomerID>
    <EmployeeID>8</EmployeeID>
    <OrderDate>1998-04-20T00:00:00.0000</OrderDate>
    <RequiredDate>1998-05-18T00:00:00.0000</RequiredDate>
    <ShippedDate>1998-04-22T00:00:00.0000</ShippedDate>
    <ShipVia>3</ShipVia>
    <Freight>149.47</Freight>
    <ShipName>Drachenblut Delikatessen</ShipName>
    <ShipAddress>Walserweg 21</ShipAddress>
    <ShipCity>Aachen</ShipCity>
    <ShipPostalCode>52066</ShipPostalCode>
    <ShipCountry>Germany</ShipCountry>
  </Orders>
  <Orders>
    <OrderID>11067</OrderID>
    <CustomerID>DRACD</CustomerID>
    <EmployeeID>1</EmployeeID>
    <OrderDate>1998-05-04T00:00:00.0000</OrderDate>
    <RequiredDate>1998-05-18T00:00:00.0000</RequiredDate>
    <ShippedDate>1998-05-06T00:00:00.0000</ShippedDate>
    <ShipVia>2</ShipVia>
    <Freight>7.98</Freight>
    <ShipName>Drachenblut Delikatessen</ShipName>
    <ShipAddress>Walserweg 21</ShipAddress>
    <ShipCity>Aachen</ShipCity>
    <ShipPostalCode>52066</ShipPostalCode>
    <ShipCountry>Germany</ShipCountry>
  </Orders>
</NewDataSet>