<?xml version="1.0"?>
<golfers>
	<golfer skill="excellent" handicap="10" clubs="Taylor Made" id="1111">
		<name>
			<firstName>Heedy</firstName>
			<lastName>Wahlin</lastName>
		</name>
		<favoriteCourses>
			<course city="Pinetop" state="AZ" name="Pinetop Lakes CC"/>
			<course city="Phoenix" state="AZ" name="Ocotillo"/>
			<course city="Snowflake" state="AZ" name="Silver Creek"/>
		</favoriteCourses>
	</golfer>
	<golfer skill="moderate" handicap="12" clubs="Taylor Made" id="2222">
		<name>
			<firstName>Dan</firstName>
			<lastName>Wahlin</lastName>
		</name>
		<favoriteCourses>
			<course city="Pinetop" state="AZ" name="Pinetop Lakes CC"/>
			<course city="Pinetop" state="AZ" name="White Mountain CC"/>
			<course city="Springville" state="UT" name="Hobble Creek"/>
		</favoriteCourses>
	</golfer>
</golfers>
