<?xml version="1.0"?>
<root>
	<row>
		<id>1</id>
		<name>
			<fname>Dan</fname>
			<lname>Wahlin</lname>
		</name>
		<address type="home">
			<street>1234 Anywhere St.</street>
			<city>AnyTown</city>
			<zip>85789</zip>
		</address>
		<address type="business">
			<street>1234 LottaWork Ave.</street>
			<city>AnyTown</city>
			<zip>85786</zip>
		</address>
	</row>
	<row>
		<id>2</id>
		<name>
			<fname>Elaine</fname>
			<lname>Wahlin</lname>
		</name>
		<address type="home">
			<street>1234 Anywhere St.</street>
			<city>AnyTown</city>
			<zip>85789</zip>
		</address>
		<address type="business">
			<street>1233 Books Way</street>
			<city>AnyTown</city>
			<zip>85784</zip>
		</address>
	</row>
</root>
