<?xml version="1.0" encoding="UTF-8"?>
<root>
	<menuItem>
		<hyperLink>contactUs.asp</hyperLink>
		<name>Contact Us</name>
	</menuItem>
	<menuItem>
		<hyperLink/>
		<name>CEO</name>
		<menuItem>
			<hyperLink/>
			<name>Email: ceo@company.com</name>
		</menuItem>
		<menuItem>
			<hyperLink/>
			<name>Hours: 9 am - 5 pm</name>
		</menuItem>
	</menuItem>
	<menuItem>
		<hyperLink/>
		<name>CIO</name>
		<menuItem>
			<hyperLink/>
			<name>Email: cio@company.com</name>
		</menuItem>
		<menuItem>
			<hyperLink/>
			<name>Hours: 6 am - 8pm</name>
		</menuItem>
	</menuItem>
</root>
