<?xml version="1.0"?>
<supplies>
    <item supplier="1">
        <description>Elbow Joint</description>
        <partID>12930430</partID>
        <numberInStock>6</numberInStock>
        <numberOnOrder>25</numberOnOrder>
        <deliveryDate>06/28/2000</deliveryDate>
        <supplier>
            <street>1238 Van Buren</street>
            <company>B2B Supply</company>
            <phone>1111236894</phone>
        </supplier>
        <orderedBy>Walters</orderedBy>
    </item>
    <item supplier="2">
        <description>Valve</description>
        <partID>39405938</partID>
        <numberInStock>3</numberInStock>
        <numberOnOrder>40</numberOnOrder>
        <deliveryDate>06/20/2000</deliveryDate>
        <supplier>
            <street>4568 Arizona Ave.</street>
            <company>A+ Supply</company>
            <phone>2221236894</phone>
        </supplier>
        <orderedBy>Tammy</orderedBy>
    </item>
    <item supplier="2">
        <description>PVC</description>
        <partID>234954048</partID>
        <numberInStock>6</numberInStock>
        <numberOnOrder>20</numberOnOrder>
        <deliveryDate>06/14/2000</deliveryDate>
        <supplier>
            <street>49032 S. 51</street>
            <company>A+ Supply</company>
            <phone>2221236894</phone>
        </supplier>
        <orderedBy>Walters</orderedBy>
    </item>
</supplies>
