﻿<?xml version="1.0"?>
<root>
  <request id="462001|32633|PM">
    <dateTime>4/6/2001 3:26:33 PM</dateTime>
    <startDate>05/06/2001</startDate>
    <endDate>05/13/2001</endDate>
    <dueDate>04/15/2001</dueDate>
    <projectTime>40</projectTime>
    <projectLength>hours</projectLength>
    <cost>10000</cost>
    <jobCode>ITV1000</jobCode>
    <subject>IT Contractor Request</subject>
    <jobTitle>Manager/Director</jobTitle>
    <contactName>Dan  Wahlin</contactName>
    <contactDepartment>Tomorrow's Learning</contactDepartment>
    <contactStreet>1234 Anywhere St.</contactStreet>
    <contactCity>Phoenix</contactCity>
    <contactState>AZ</contactState>
    <contactZip>85244</contactZip>
    <contactPhone>123-1234</contactPhone>
    <contactFax>123-4321</contactFax>
    <contactEmail>info@tomorrowsLearning.com</contactEmail>
    <jobStreet>1234 Anywhere St.</jobStreet>
    <jobCity>Phoenix</jobCity>
    <jobState>AZ</jobState>
    <jobZip>85244</jobZip>
  </request>
  <request id="462001|32633|PM-1">
    <dateTime>4/6/2001 3:26:33 PM</dateTime>
    <startDate>05/06/2001</startDate>
    <endDate>05/13/2001</endDate>
    <dueDate>04/15/2001</dueDate>
    <projectTime>40</projectTime>
    <projectLength>hours</projectLength>
    <cost>10000</cost>
    <jobCode>ITV1600</jobCode>
    <subject>IT Contractor Request</subject>
    <jobTitle>Data Center Manager</jobTitle>
    <contactName>John Doe</contactName>
    <contactDepartment>Tomorrow's Learning</contactDepartment>
    <contactStreet>1234 Anywhere St.</contactStreet>
    <contactCity>Phoenix</contactCity>
    <contactState>AZ</contactState>
    <contactZip>85244</contactZip>
    <contactPhone>123-1234</contactPhone>
    <contactFax>123-4321</contactFax>
    <contactEmail>info@tomorrowsLearning.com</contactEmail>
    <jobStreet>1234 Anywhere St.</jobStreet>
    <jobCity>Phoenix</jobCity>
    <jobState>AZ</jobState>
    <jobZip>85244</jobZip>
  </request>
  <request id="462001|32852|PM">
    <dateTime>4/6/2001 3:28:52 PM</dateTime>
    <startDate>04/25/2001</startDate>
    <endDate>6/28/2001</endDate>
    <dueDate>04/13/2001</dueDate>
    <projectTime>80</projectTime>
    <projectLength>hours</projectLength>
    <cost>20000</cost>
    <jobCode>ITV1803</jobCode>
    <subject>IT Contractor Request</subject>
    <jobTitle>Database Analyst MS SQL Server</jobTitle>
    <contactName>Lin Thatcher</contactName>
    <contactDepartment>EBC</contactDepartment>
    <contactStreet>1234 AnyTownSt</contactStreet>
    <contactCity>Phoenix</contactCity>
    <contactState>AZ</contactState>
    <contactZip>85255</contactZip>
    <contactPhone>123-5555</contactPhone>
    <contactFax>123-6666</contactFax>
    <contactEmail>lin@test.com</contactEmail>
    <jobStreet>1234 AnyTownSt</jobStreet>
    <jobCity>Phoenix</jobCity>
    <jobState>AZ</jobState>
    <jobZip>85255</jobZip>
  </request>
</root>