<?xml version="1.0" ?>
<northwind:root xmlns:xsi="http://www.w3.org/2001/XMLSchema-instance" xsi:schemaLocation="http://www.northwind.com northwind.xsd" xmlns:northwind="http://www.northwind.com">
	<northwind:CustomersTable>
		<CustomerID>FAMIA</CustomerID>
		<CompanyName>Familia Arquibaldo</CompanyName>
		<ContactName>Aria Cruz</ContactName>
		<ContactTitle>Marketing Assistant</ContactTitle>
		<Address>Rua Orós, 92</Address>
		<City>Sao Paulo</City>
		<Region>SP</Region>
		<PostalCode>05442-030</PostalCode>
		<Country>Brazil</Country>
		<Phone>(11) 555-9857</Phone>
	</northwind:CustomersTable>
	<northwind:CustomersTable>
		<CustomerID>FRANR</CustomerID>
		<CompanyName>France restauration</CompanyName>
		<ContactName>Carine Schmitt</ContactName>
		<ContactTitle>Marketing Manager</ContactTitle>
		<Address>54, rue Royale</Address>
		<City>Nantes</City>
		<PostalCode>44000</PostalCode>
		<Country>France</Country>
		<Phone>40.32.21.21</Phone>
		<Fax>40.32.21.20</Fax>
	</northwind:CustomersTable>
	<northwind:CustomersTable>
		<CustomerID>FISSA</CustomerID>
		<CompanyName>FISSA Fabrica Inter. Salchichas S.A.</CompanyName>
		<ContactName>Diego Roel</ContactName>
		<ContactTitle>Accounting Manager</ContactTitle>
		<Address>C/ Moralzarzal, 86</Address>
		<City>Madrid</City>
		<PostalCode>28034</PostalCode>
		<Country>Spain</Country>
		<Phone>(91) 555 94 44</Phone>
		<Fax>(91) 555 55 93</Fax>
	</northwind:CustomersTable>
	<northwind:CustomersTable>
		<CustomerID>FURIB</CustomerID>
		<CompanyName>Furia Bacalhau e Frutos do Mar</CompanyName>
		<ContactName>Lino Rodriguez</ContactName>
		<ContactTitle>Sales Manager</ContactTitle>
		<Address>Jardim das rosas n. 32</Address>
		<City>Lisboa</City>
		<PostalCode>1675</PostalCode>
		<Country>Portugal</Country>
		<Phone>(1) 354-2534</Phone>
		<Fax>(1) 354-2535</Fax>
	</northwind:CustomersTable>
	<northwind:CustomersTable>
		<CustomerID>FOLKO</CustomerID>
		<CompanyName>Folk och fä HB</CompanyName>
		<ContactName>Maria Larsson</ContactName>
		<ContactTitle>Owner</ContactTitle>
		<Address>Åkergatan 24</Address>
		<City>Bräcke</City>
		<PostalCode>S-844 67</PostalCode>
		<Country>Sweden</Country>
		<Phone>0695-34 67 21</Phone>
	</northwind:CustomersTable>
	<northwind:CustomersTable>
		<CustomerID>FOLIG</CustomerID>
		<CompanyName>Folies gourmandes</CompanyName>
		<ContactName>Martine Rancé</ContactName>
		<ContactTitle>Assistant Sales Agent</ContactTitle>
		<Address>184, chaussée de Tournai</Address>
		<City>Lille</City>
		<PostalCode>59000</PostalCode>
		<Country>France</Country>
		<Phone>20.16.10.16</Phone>
		<Fax>20.16.10.17</Fax>
	</northwind:CustomersTable>
	<northwind:CustomersTable>
		<CustomerID>FRANS</CustomerID>
		<CompanyName>Franchi S.p.A.</CompanyName>
		<ContactName>Paolo Accorti</ContactName>
		<ContactTitle>Sales Representative</ContactTitle>
		<Address>Via Monte Bianco 34</Address>
		<City>Torino</City>
		<PostalCode>10100</PostalCode>
		<Country>Italy</Country>
		<Phone>011-4988260</Phone>
		<Fax>011-4988261</Fax>
	</northwind:CustomersTable>
	<northwind:CustomersTable>
		<CustomerID>fd</CustomerID>
		<CompanyName>FatDaddy</CompanyName>
		<ContactName>Penelope Smith</ContactName>
		<ContactTitle>Princess</ContactTitle>
		<Address>One My Way</Address>
	</northwind:CustomersTable>
	<northwind:CustomersTable>
		<CustomerID>FRANK</CustomerID>
		<CompanyName>Frankenversand</CompanyName>
		<ContactName>Peter Franken</ContactName>
		<ContactTitle>Marketing Manager</ContactTitle>
		<Address>Berliner Platz 43</Address>
		<City>München</City>
		<PostalCode>80805</PostalCode>
		<Country>Germany</Country>
		<Phone>089-0877310</Phone>
		<Fax>089-0877451</Fax>
	</northwind:CustomersTable>
	<northwind:OrdersTable>
		<OrderID>10264</OrderID>
		<CustomerID>FOLKO</CustomerID>
		<EmployeeID>6</EmployeeID>
		<OrderDate>1996-07-24T07:00:00</OrderDate>
		<RequiredDate>1996-08-21T07:00:00</RequiredDate>
		<ShippedDate>1996-08-23T07:00:00</ShippedDate>
		<ShipVia>3</ShipVia>
		<Freight>3.67</Freight>
		<ShipName>Folk och fä HB</ShipName>
		<ShipAddress>Åkergatan 24</ShipAddress>
		<ShipCity>Bräcke</ShipCity>
		<ShipPostalCode>S-844 67</ShipPostalCode>
		<ShipCountry>Sweden</ShipCountry>
	</northwind:OrdersTable>
	<northwind:OrdersTable>
		<OrderID>10267</OrderID>
		<CustomerID>FRANK</CustomerID>
		<EmployeeID>4</EmployeeID>
		<OrderDate>1996-07-29T07:00:00</OrderDate>
		<RequiredDate>1996-08-26T07:00:00</RequiredDate>
		<ShippedDate>1996-08-06T07:00:00</ShippedDate>
		<ShipVia>1</ShipVia>
		<Freight>208.58</Freight>
		<ShipName>Frankenversand</ShipName>
		<ShipAddress>Berliner Platz 43</ShipAddress>
		<ShipCity>München</ShipCity>
		<ShipPostalCode>80805</ShipPostalCode>
		<ShipCountry>Germany</ShipCountry>
	</northwind:OrdersTable>
	<northwind:OrdersTable>
		<OrderID>10327</OrderID>
		<CustomerID>FOLKO</CustomerID>
		<EmployeeID>2</EmployeeID>
		<OrderDate>1996-10-11T07:00:00</OrderDate>
		<RequiredDate>1996-11-08T07:00:00</RequiredDate>
		<ShippedDate>1996-10-14T07:00:00</ShippedDate>
		<ShipVia>1</ShipVia>
		<Freight>63.36</Freight>
		<ShipName>Folk och fä HB</ShipName>
		<ShipAddress>Åkergatan 24</ShipAddress>
		<ShipCity>Bräcke</ShipCity>
		<ShipPostalCode>S-844 67</ShipPostalCode>
		<ShipCountry>Sweden</ShipCountry>
	</northwind:OrdersTable>
	<northwind:OrdersTable>
		<OrderID>10328</OrderID>
		<CustomerID>FURIB</CustomerID>
		<EmployeeID>4</EmployeeID>
		<OrderDate>1996-10-14T07:00:00</OrderDate>
		<RequiredDate>1996-11-11T07:00:00</RequiredDate>
		<ShippedDate>1996-10-17T07:00:00</ShippedDate>
		<ShipVia>3</ShipVia>
		<Freight>87.03</Freight>
		<ShipName>Furia Bacalhau e Frutos do Mar</ShipName>
		<ShipAddress>Jardim das rosas n. 32</ShipAddress>
		<ShipCity>Lisboa</ShipCity>
		<ShipPostalCode>1675</ShipPostalCode>
		<ShipCountry>Portugal</ShipCountry>
	</northwind:OrdersTable>
	<northwind:OrdersTable>
		<OrderID>10337</OrderID>
		<CustomerID>FRANK</CustomerID>
		<EmployeeID>4</EmployeeID>
		<OrderDate>1996-10-24T07:00:00</OrderDate>
		<RequiredDate>1996-11-21T07:00:00</RequiredDate>
		<ShippedDate>1996-10-29T07:00:00</ShippedDate>
		<ShipVia>3</ShipVia>
		<Freight>108.26</Freight>
		<ShipName>Frankenversand</ShipName>
		<ShipAddress>Berliner Platz 43</ShipAddress>
		<ShipCity>München</ShipCity>
		<ShipPostalCode>80805</ShipPostalCode>
		<ShipCountry>Germany</ShipCountry>
	</northwind:OrdersTable>
	<northwind:OrdersTable>
		<OrderID>10342</OrderID>
		<CustomerID>FRANK</CustomerID>
		<EmployeeID>4</EmployeeID>
		<OrderDate>1996-10-30T07:00:00</OrderDate>
		<RequiredDate>1996-11-13T07:00:00</RequiredDate>
		<ShippedDate>1996-11-04T07:00:00</ShippedDate>
		<ShipVia>2</ShipVia>
		<Freight>54.83</Freight>
		<ShipName>Frankenversand</ShipName>
		<ShipAddress>Berliner Platz 43</ShipAddress>
		<ShipCity>München</ShipCity>
		<ShipPostalCode>80805</ShipPostalCode>
		<ShipCountry>Germany</ShipCountry>
	</northwind:OrdersTable>
	<northwind:OrdersTable>
		<OrderID>10347</OrderID>
		<CustomerID>FAMIA</CustomerID>
		<EmployeeID>4</EmployeeID>
		<OrderDate>1996-11-06T07:00:00</OrderDate>
		<RequiredDate>1996-12-04T07:00:00</RequiredDate>
		<ShippedDate>1996-11-08T07:00:00</ShippedDate>
		<ShipVia>3</ShipVia>
		<Freight>3.1</Freight>
		<ShipName>Familia Arquibaldo</ShipName>
		<ShipAddress>Rua Orós, 92</ShipAddress>
		<ShipCity>Sao Paulo</ShipCity>
		<ShipRegion>SP</ShipRegion>
		<ShipPostalCode>05442-030</ShipPostalCode>
		<ShipCountry>Brazil</ShipCountry>
	</northwind:OrdersTable>
	<northwind:OrdersTable>
		<OrderID>10352</OrderID>
		<CustomerID>FURIB</CustomerID>
		<EmployeeID>3</EmployeeID>
		<OrderDate>1996-11-12T07:00:00</OrderDate>
		<RequiredDate>1996-11-26T07:00:00</RequiredDate>
		<ShippedDate>1996-11-18T07:00:00</ShippedDate>
		<ShipVia>3</ShipVia>
		<Freight>1.3</Freight>
		<ShipName>Furia Bacalhau e Frutos do Mar</ShipName>
		<ShipAddress>Jardim das rosas n. 32</ShipAddress>
		<ShipCity>Lisboa</ShipCity>
		<ShipPostalCode>1675</ShipPostalCode>
		<ShipCountry>Portugal</ShipCountry>
	</northwind:OrdersTable>
	<northwind:OrdersTable>
		<OrderID>10378</OrderID>
		<CustomerID>FOLKO</CustomerID>
		<EmployeeID>5</EmployeeID>
		<OrderDate>1996-12-10T07:00:00</OrderDate>
		<RequiredDate>1997-01-07T07:00:00</RequiredDate>
		<ShippedDate>1996-12-19T07:00:00</ShippedDate>
		<ShipVia>3</ShipVia>
		<Freight>5.44</Freight>
		<ShipName>Folk och fä HB</ShipName>
		<ShipAddress>Åkergatan 24</ShipAddress>
		<ShipCity>Bräcke</ShipCity>
		<ShipPostalCode>S-844 67</ShipPostalCode>
		<ShipCountry>Sweden</ShipCountry>
	</northwind:OrdersTable>
	<northwind:OrdersTable>
		<OrderID>10386</OrderID>
		<CustomerID>FAMIA</CustomerID>
		<EmployeeID>9</EmployeeID>
		<OrderDate>1996-12-18T07:00:00</OrderDate>
		<RequiredDate>1997-01-01T07:00:00</RequiredDate>
		<ShippedDate>1996-12-25T07:00:00</ShippedDate>
		<ShipVia>3</ShipVia>
		<Freight>13.99</Freight>
		<ShipName>Familia Arquibaldo</ShipName>
		<ShipAddress>Rua Orós, 92</ShipAddress>
		<ShipCity>Sao Paulo</ShipCity>
		<ShipRegion>SP</ShipRegion>
		<ShipPostalCode>05442-030</ShipPostalCode>
		<ShipCountry>Brazil</ShipCountry>
	</northwind:OrdersTable>
	<northwind:OrdersTable>
		<OrderID>10396</OrderID>
		<CustomerID>FRANK</CustomerID>
		<EmployeeID>1</EmployeeID>
		<OrderDate>1996-12-27T07:00:00</OrderDate>
		<RequiredDate>1997-01-10T07:00:00</RequiredDate>
		<ShippedDate>1997-01-06T07:00:00</ShippedDate>
		<ShipVia>3</ShipVia>
		<Freight>135.35</Freight>
		<ShipName>Frankenversand</ShipName>
		<ShipAddress>Berliner Platz 43</ShipAddress>
		<ShipCity>München</ShipCity>
		<ShipPostalCode>80805</ShipPostalCode>
		<ShipCountry>Germany</ShipCountry>
	</northwind:OrdersTable>
	<northwind:OrdersTable>
		<OrderID>10408</OrderID>
		<CustomerID>FOLIG</CustomerID>
		<EmployeeID>8</EmployeeID>
		<OrderDate>1997-01-08T07:00:00</OrderDate>
		<RequiredDate>1997-02-05T07:00:00</RequiredDate>
		<ShippedDate>1997-01-14T07:00:00</ShippedDate>
		<ShipVia>1</ShipVia>
		<Freight>11.26</Freight>
		<ShipName>Folies gourmandes</ShipName>
		<ShipAddress>184, chaussée de Tournai</ShipAddress>
		<ShipCity>Lille</ShipCity>
		<ShipPostalCode>59000</ShipPostalCode>
		<ShipCountry>France</ShipCountry>
	</northwind:OrdersTable>
	<northwind:OrdersTable>
		<OrderID>10414</OrderID>
		<CustomerID>FAMIA</CustomerID>
		<EmployeeID>2</EmployeeID>
		<OrderDate>1997-01-14T07:00:00</OrderDate>
		<RequiredDate>1997-02-11T07:00:00</RequiredDate>
		<ShippedDate>1997-01-17T07:00:00</ShippedDate>
		<ShipVia>3</ShipVia>
		<Freight>21.48</Freight>
		<ShipName>Familia Arquibaldo</ShipName>
		<ShipAddress>Rua Orós, 92</ShipAddress>
		<ShipCity>Sao Paulo</ShipCity>
		<ShipRegion>SP</ShipRegion>
		<ShipPostalCode>05442-030</ShipPostalCode>
		<ShipCountry>Brazil</ShipCountry>
	</northwind:OrdersTable>
	<northwind:OrdersTable>
		<OrderID>10422</OrderID>
		<CustomerID>FRANS</CustomerID>
		<EmployeeID>2</EmployeeID>
		<OrderDate>1997-01-22T07:00:00</OrderDate>
		<RequiredDate>1997-02-19T07:00:00</RequiredDate>
		<ShippedDate>1997-01-31T07:00:00</ShippedDate>
		<ShipVia>1</ShipVia>
		<Freight>3.02</Freight>
		<ShipName>Franchi S.p.A.</ShipName>
		<ShipAddress>Via Monte Bianco 34</ShipAddress>
		<ShipCity>Torino</ShipCity>
		<ShipPostalCode>10100</ShipPostalCode>
		<ShipCountry>Italy</ShipCountry>
	</northwind:OrdersTable>
	<northwind:OrdersTable>
		<OrderID>10434</OrderID>
		<CustomerID>FOLKO</CustomerID>
		<EmployeeID>3</EmployeeID>
		<OrderDate>1997-02-03T07:00:00</OrderDate>
		<RequiredDate>1997-03-03T07:00:00</RequiredDate>
		<ShippedDate>1997-02-13T07:00:00</ShippedDate>
		<ShipVia>2</ShipVia>
		<Freight>17.92</Freight>
		<ShipName>Folk och fä HB</ShipName>
		<ShipAddress>Åkergatan 24</ShipAddress>
		<ShipCity>Bräcke</ShipCity>
		<ShipPostalCode>S-844 67</ShipPostalCode>
		<ShipCountry>Sweden</ShipCountry>
	</northwind:OrdersTable>
	<northwind:OrdersTable>
		<OrderID>10460</OrderID>
		<CustomerID>FOLKO</CustomerID>
		<EmployeeID>8</EmployeeID>
		<OrderDate>1997-02-28T07:00:00</OrderDate>
		<RequiredDate>1997-03-28T07:00:00</RequiredDate>
		<ShippedDate>1997-03-03T07:00:00</ShippedDate>
		<ShipVia>1</ShipVia>
		<Freight>16.27</Freight>
		<ShipName>Folk och fä HB</ShipName>
		<ShipAddress>Åkergatan 24</ShipAddress>
		<ShipCity>Bräcke</ShipCity>
		<ShipPostalCode>S-844 67</ShipPostalCode>
		<ShipCountry>Sweden</ShipCountry>
	</northwind:OrdersTable>
	<northwind:OrdersTable>
		<OrderID>10464</OrderID>
		<CustomerID>FURIB</CustomerID>
		<EmployeeID>4</EmployeeID>
		<OrderDate>1997-03-04T07:00:00</OrderDate>
		<RequiredDate>1997-04-01T07:00:00</RequiredDate>
		<ShippedDate>1997-03-14T07:00:00</ShippedDate>
		<ShipVia>2</ShipVia>
		<Freight>89</Freight>
		<ShipName>Furia Bacalhau e Frutos do Mar</ShipName>
		<ShipAddress>Jardim das rosas n. 32</ShipAddress>
		<ShipCity>Lisboa</ShipCity>
		<ShipPostalCode>1675</ShipPostalCode>
		<ShipCountry>Portugal</ShipCountry>
	</northwind:OrdersTable>
	<northwind:OrdersTable>
		<OrderID>10480</OrderID>
		<CustomerID>FOLIG</CustomerID>
		<EmployeeID>6</EmployeeID>
		<OrderDate>1997-03-20T07:00:00</OrderDate>
		<RequiredDate>1997-04-17T07:00:00</RequiredDate>
		<ShippedDate>1997-03-24T07:00:00</ShippedDate>
		<ShipVia>2</ShipVia>
		<Freight>1.35</Freight>
		<ShipName>Folies gourmandes</ShipName>
		<ShipAddress>184, chaussée de Tournai</ShipAddress>
		<ShipCity>Lille</ShipCity>
		<ShipPostalCode>59000</ShipPostalCode>
		<ShipCountry>France</ShipCountry>
	</northwind:OrdersTable>
	<northwind:OrdersTable>
		<OrderID>10488</OrderID>
		<CustomerID>FRANK</CustomerID>
		<EmployeeID>8</EmployeeID>
		<OrderDate>1997-03-27T07:00:00</OrderDate>
		<RequiredDate>1997-04-24T07:00:00</RequiredDate>
		<ShippedDate>1997-04-02T07:00:00</ShippedDate>
		<ShipVia>2</ShipVia>
		<Freight>4.93</Freight>
		<ShipName>Frankenversand</ShipName>
		<ShipAddress>Berliner Platz 43</ShipAddress>
		<ShipCity>München</ShipCity>
		<ShipPostalCode>80805</ShipPostalCode>
		<ShipCountry>Germany</ShipCountry>
	</northwind:OrdersTable>
	<northwind:OrdersTable>
		<OrderID>10491</OrderID>
		<CustomerID>FURIB</CustomerID>
		<EmployeeID>8</EmployeeID>
		<OrderDate>1997-03-31T07:00:00</OrderDate>
		<RequiredDate>1997-04-28T07:00:00</RequiredDate>
		<ShippedDate>1997-04-08T07:00:00</ShippedDate>
		<ShipVia>3</ShipVia>
		<Freight>16.96</Freight>
		<ShipName>Furia Bacalhau e Frutos do Mar</ShipName>
		<ShipAddress>Jardim das rosas n. 32</ShipAddress>
		<ShipCity>Lisboa</ShipCity>
		<ShipPostalCode>1675</ShipPostalCode>
		<ShipCountry>Portugal</ShipCountry>
	</northwind:OrdersTable>
	<northwind:OrdersTable>
		<OrderID>10512</OrderID>
		<CustomerID>FAMIA</CustomerID>
		<EmployeeID>7</EmployeeID>
		<OrderDate>1997-04-21T07:00:00</OrderDate>
		<RequiredDate>1997-05-19T07:00:00</RequiredDate>
		<ShippedDate>1997-04-24T07:00:00</ShippedDate>
		<ShipVia>2</ShipVia>
		<Freight>3.53</Freight>
		<ShipName>Familia Arquibaldo</ShipName>
		<ShipAddress>Rua Orós, 92</ShipAddress>
		<ShipCity>Sao Paulo</ShipCity>
		<ShipRegion>SP</ShipRegion>
		<ShipPostalCode>05442-030</ShipPostalCode>
		<ShipCountry>Brazil</ShipCountry>
	</northwind:OrdersTable>
	<northwind:OrdersTable>
		<OrderID>10533</OrderID>
		<CustomerID>FOLKO</CustomerID>
		<EmployeeID>8</EmployeeID>
		<OrderDate>1997-05-12T07:00:00</OrderDate>
		<RequiredDate>1997-06-09T07:00:00</RequiredDate>
		<ShippedDate>1997-05-22T07:00:00</ShippedDate>
		<ShipVia>1</ShipVia>
		<Freight>188.04</Freight>
		<ShipName>Folk och fä HB</ShipName>
		<ShipAddress>Åkergatan 24</ShipAddress>
		<ShipCity>Bräcke</ShipCity>
		<ShipPostalCode>S-844 67</ShipPostalCode>
		<ShipCountry>Sweden</ShipCountry>
	</northwind:OrdersTable>
	<northwind:OrdersTable>
		<OrderID>10551</OrderID>
		<CustomerID>FURIB</CustomerID>
		<EmployeeID>4</EmployeeID>
		<OrderDate>1997-05-28T07:00:00</OrderDate>
		<RequiredDate>1997-07-09T07:00:00</RequiredDate>
		<ShippedDate>1997-06-06T07:00:00</ShippedDate>
		<ShipVia>3</ShipVia>
		<Freight>72.95</Freight>
		<ShipName>Furia Bacalhau e Frutos do Mar</ShipName>
		<ShipAddress>Jardim das rosas n. 32</ShipAddress>
		<ShipCity>Lisboa</ShipCity>
		<ShipPostalCode>1675</ShipPostalCode>
		<ShipCountry>Portugal</ShipCountry>
	</northwind:OrdersTable>
	<northwind:OrdersTable>
		<OrderID>10560</OrderID>
		<CustomerID>FRANK</CustomerID>
		<EmployeeID>8</EmployeeID>
		<OrderDate>1997-06-06T07:00:00</OrderDate>
		<RequiredDate>1997-07-04T07:00:00</RequiredDate>
		<ShippedDate>1997-06-09T07:00:00</ShippedDate>
		<ShipVia>1</ShipVia>
		<Freight>36.65</Freight>
		<ShipName>Frankenversand</ShipName>
		<ShipAddress>Berliner Platz 43</ShipAddress>
		<ShipCity>München</ShipCity>
		<ShipPostalCode>80805</ShipPostalCode>
		<ShipCountry>Germany</ShipCountry>
	</northwind:OrdersTable>
	<northwind:OrdersTable>
		<OrderID>10561</OrderID>
		<CustomerID>FOLKO</CustomerID>
		<EmployeeID>2</EmployeeID>
		<OrderDate>1997-06-06T07:00:00</OrderDate>
		<RequiredDate>1997-07-04T07:00:00</RequiredDate>
		<ShippedDate>1997-06-09T07:00:00</ShippedDate>
		<ShipVia>2</ShipVia>
		<Freight>242.21</Freight>
		<ShipName>Folk och fä HB</ShipName>
		<ShipAddress>Åkergatan 24</ShipAddress>
		<ShipCity>Bräcke</ShipCity>
		<ShipPostalCode>S-844 67</ShipPostalCode>
		<ShipCountry>Sweden</ShipCountry>
	</northwind:OrdersTable>
	<northwind:OrdersTable>
		<OrderID>10581</OrderID>
		<CustomerID>FAMIA</CustomerID>
		<EmployeeID>3</EmployeeID>
		<OrderDate>1997-06-26T07:00:00</OrderDate>
		<RequiredDate>1997-07-24T07:00:00</RequiredDate>
		<ShippedDate>1997-07-02T07:00:00</ShippedDate>
		<ShipVia>1</ShipVia>
		<Freight>3.01</Freight>
		<ShipName>Familia Arquibaldo</ShipName>
		<ShipAddress>Rua Orós, 92</ShipAddress>
		<ShipCity>Sao Paulo</ShipCity>
		<ShipRegion>SP</ShipRegion>
		<ShipPostalCode>05442-030</ShipPostalCode>
		<ShipCountry>Brazil</ShipCountry>
	</northwind:OrdersTable>
	<northwind:OrdersTable>
		<OrderID>10604</OrderID>
		<CustomerID>FURIB</CustomerID>
		<EmployeeID>1</EmployeeID>
		<OrderDate>1997-07-18T07:00:00</OrderDate>
		<RequiredDate>1997-08-15T07:00:00</RequiredDate>
		<ShippedDate>1997-07-29T07:00:00</ShippedDate>
		<ShipVia>1</ShipVia>
		<Freight>7.46</Freight>
		<ShipName>Furia Bacalhau e Frutos do Mar</ShipName>
		<ShipAddress>Jardim das rosas n. 32</ShipAddress>
		<ShipCity>Lisboa</ShipCity>
		<ShipPostalCode>1675</ShipPostalCode>
		<ShipCountry>Portugal</ShipCountry>
	</northwind:OrdersTable>
	<northwind:OrdersTable>
		<OrderID>10623</OrderID>
		<CustomerID>FRANK</CustomerID>
		<EmployeeID>8</EmployeeID>
		<OrderDate>1997-08-07T07:00:00</OrderDate>
		<RequiredDate>1997-09-04T07:00:00</RequiredDate>
		<ShippedDate>1997-08-12T07:00:00</ShippedDate>
		<ShipVia>2</ShipVia>
		<Freight>97.18</Freight>
		<ShipName>Frankenversand</ShipName>
		<ShipAddress>Berliner Platz 43</ShipAddress>
		<ShipCity>München</ShipCity>
		<ShipPostalCode>80805</ShipPostalCode>
		<ShipCountry>Germany</ShipCountry>
	</northwind:OrdersTable>
	<northwind:OrdersTable>
		<OrderID>10634</OrderID>
		<CustomerID>FOLIG</CustomerID>
		<EmployeeID>4</EmployeeID>
		<OrderDate>1997-08-15T07:00:00</OrderDate>
		<RequiredDate>1997-09-12T07:00:00</RequiredDate>
		<ShippedDate>1997-08-21T07:00:00</ShippedDate>
		<ShipVia>3</ShipVia>
		<Freight>487.38</Freight>
		<ShipName>Folies gourmandes</ShipName>
		<ShipAddress>184, chaussée de Tournai</ShipAddress>
		<ShipCity>Lille</ShipCity>
		<ShipPostalCode>59000</ShipPostalCode>
		<ShipCountry>France</ShipCountry>
	</northwind:OrdersTable>
	<northwind:OrdersTable>
		<OrderID>10650</OrderID>
		<CustomerID>FAMIA</CustomerID>
		<EmployeeID>5</EmployeeID>
		<OrderDate>1997-08-29T07:00:00</OrderDate>
		<RequiredDate>1997-09-26T07:00:00</RequiredDate>
		<ShippedDate>1997-09-03T07:00:00</ShippedDate>
		<ShipVia>3</ShipVia>
		<Freight>176.81</Freight>
		<ShipName>Familia Arquibaldo</ShipName>
		<ShipAddress>Rua Orós, 92</ShipAddress>
		<ShipCity>Sao Paulo</ShipCity>
		<ShipRegion>SP</ShipRegion>
		<ShipPostalCode>05442-030</ShipPostalCode>
		<ShipCountry>Brazil</ShipCountry>
	</northwind:OrdersTable>
	<northwind:OrdersTable>
		<OrderID>10653</OrderID>
		<CustomerID>FRANK</CustomerID>
		<EmployeeID>1</EmployeeID>
		<OrderDate>1997-09-02T07:00:00</OrderDate>
		<RequiredDate>1997-09-30T07:00:00</RequiredDate>
		<ShippedDate>1997-09-19T07:00:00</ShippedDate>
		<ShipVia>1</ShipVia>
		<Freight>93.25</Freight>
		<ShipName>Frankenversand</ShipName>
		<ShipAddress>Berliner Platz 43</ShipAddress>
		<ShipCity>München</ShipCity>
		<ShipPostalCode>80805</ShipPostalCode>
		<ShipCountry>Germany</ShipCountry>
	</northwind:OrdersTable>
	<northwind:OrdersTable>
		<OrderID>10664</OrderID>
		<CustomerID>FURIB</CustomerID>
		<EmployeeID>1</EmployeeID>
		<OrderDate>1997-09-10T07:00:00</OrderDate>
		<RequiredDate>1997-10-08T07:00:00</RequiredDate>
		<ShippedDate>1997-09-19T07:00:00</ShippedDate>
		<ShipVia>3</ShipVia>
		<Freight>1.27</Freight>
		<ShipName>Furia Bacalhau e Frutos do Mar</ShipName>
		<ShipAddress>Jardim das rosas n. 32</ShipAddress>
		<ShipCity>Lisboa</ShipCity>
		<ShipPostalCode>1675</ShipPostalCode>
		<ShipCountry>Portugal</ShipCountry>
	</northwind:OrdersTable>
	<northwind:OrdersTable>
		<OrderID>10670</OrderID>
		<CustomerID>FRANK</CustomerID>
		<EmployeeID>4</EmployeeID>
		<OrderDate>1997-09-16T07:00:00</OrderDate>
		<RequiredDate>1997-10-14T07:00:00</RequiredDate>
		<ShippedDate>1997-09-18T07:00:00</ShippedDate>
		<ShipVia>1</ShipVia>
		<Freight>203.48</Freight>
		<ShipName>Frankenversand</ShipName>
		<ShipAddress>Berliner Platz 43</ShipAddress>
		<ShipCity>München</ShipCity>
		<ShipPostalCode>80805</ShipPostalCode>
		<ShipCountry>Germany</ShipCountry>
	</northwind:OrdersTable>
	<northwind:OrdersTable>
		<OrderID>10671</OrderID>
		<CustomerID>FRANR</CustomerID>
		<EmployeeID>1</EmployeeID>
		<OrderDate>1997-09-17T07:00:00</OrderDate>
		<RequiredDate>1997-10-15T07:00:00</RequiredDate>
		<ShippedDate>1997-09-24T07:00:00</ShippedDate>
		<ShipVia>1</ShipVia>
		<Freight>30.34</Freight>
		<ShipName>France restauration</ShipName>
		<ShipAddress>54, rue Royale</ShipAddress>
		<ShipCity>Nantes</ShipCity>
		<ShipPostalCode>44000</ShipPostalCode>
		<ShipCountry>France</ShipCountry>
	</northwind:OrdersTable>
	<northwind:OrdersTable>
		<OrderID>10675</OrderID>
		<CustomerID>FRANK</CustomerID>
		<EmployeeID>5</EmployeeID>
		<OrderDate>1997-09-19T07:00:00</OrderDate>
		<RequiredDate>1997-10-17T07:00:00</RequiredDate>
		<ShippedDate>1997-09-23T07:00:00</ShippedDate>
		<ShipVia>2</ShipVia>
		<Freight>31.85</Freight>
		<ShipName>Frankenversand</ShipName>
		<ShipAddress>Berliner Platz 43</ShipAddress>
		<ShipCity>München</ShipCity>
		<ShipPostalCode>80805</ShipPostalCode>
		<ShipCountry>Germany</ShipCountry>
	</northwind:OrdersTable>
	<northwind:OrdersTable>
		<OrderID>10703</OrderID>
		<CustomerID>FOLKO</CustomerID>
		<EmployeeID>6</EmployeeID>
		<OrderDate>1997-10-14T07:00:00</OrderDate>
		<RequiredDate>1997-11-11T07:00:00</RequiredDate>
		<ShippedDate>1997-10-20T07:00:00</ShippedDate>
		<ShipVia>2</ShipVia>
		<Freight>152.3</Freight>
		<ShipName>Folk och fä HB</ShipName>
		<ShipAddress>Åkergatan 24</ShipAddress>
		<ShipCity>Bräcke</ShipCity>
		<ShipPostalCode>S-844 67</ShipPostalCode>
		<ShipCountry>Sweden</ShipCountry>
	</northwind:OrdersTable>
	<northwind:OrdersTable>
		<OrderID>10710</OrderID>
		<CustomerID>FRANS</CustomerID>
		<EmployeeID>1</EmployeeID>
		<OrderDate>1997-10-20T07:00:00</OrderDate>
		<RequiredDate>1997-11-17T07:00:00</RequiredDate>
		<ShippedDate>1997-10-23T07:00:00</ShippedDate>
		<ShipVia>1</ShipVia>
		<Freight>4.98</Freight>
		<ShipName>Franchi S.p.A.</ShipName>
		<ShipAddress>Via Monte Bianco 34</ShipAddress>
		<ShipCity>Torino</ShipCity>
		<ShipPostalCode>10100</ShipPostalCode>
		<ShipCountry>Italy</ShipCountry>
	</northwind:OrdersTable>
	<northwind:OrdersTable>
		<OrderID>10717</OrderID>
		<CustomerID>FRANK</CustomerID>
		<EmployeeID>1</EmployeeID>
		<OrderDate>1997-10-24T07:00:00</OrderDate>
		<RequiredDate>1997-11-21T07:00:00</RequiredDate>
		<ShippedDate>1997-10-29T07:00:00</ShippedDate>
		<ShipVia>2</ShipVia>
		<Freight>59.25</Freight>
		<ShipName>Frankenversand</ShipName>
		<ShipAddress>Berliner Platz 43</ShipAddress>
		<ShipCity>München</ShipCity>
		<ShipPostalCode>80805</ShipPostalCode>
		<ShipCountry>Germany</ShipCountry>
	</northwind:OrdersTable>
	<northwind:OrdersTable>
		<OrderID>10725</OrderID>
		<CustomerID>FAMIA</CustomerID>
		<EmployeeID>4</EmployeeID>
		<OrderDate>1997-10-31T07:00:00</OrderDate>
		<RequiredDate>1997-11-28T07:00:00</RequiredDate>
		<ShippedDate>1997-11-05T07:00:00</ShippedDate>
		<ShipVia>3</ShipVia>
		<Freight>10.83</Freight>
		<ShipName>Familia Arquibaldo</ShipName>
		<ShipAddress>Rua Orós, 92</ShipAddress>
		<ShipCity>Sao Paulo</ShipCity>
		<ShipRegion>SP</ShipRegion>
		<ShipPostalCode>05442-030</ShipPostalCode>
		<ShipCountry>Brazil</ShipCountry>
	</northwind:OrdersTable>
	<northwind:OrdersTable>
		<OrderID>10753</OrderID>
		<CustomerID>FRANS</CustomerID>
		<EmployeeID>3</EmployeeID>
		<OrderDate>1997-11-25T07:00:00</OrderDate>
		<RequiredDate>1997-12-23T07:00:00</RequiredDate>
		<ShippedDate>1997-11-27T07:00:00</ShippedDate>
		<ShipVia>1</ShipVia>
		<Freight>7.7</Freight>
		<ShipName>Franchi S.p.A.</ShipName>
		<ShipAddress>Via Monte Bianco 34</ShipAddress>
		<ShipCity>Torino</ShipCity>
		<ShipPostalCode>10100</ShipPostalCode>
		<ShipCountry>Italy</ShipCountry>
	</northwind:OrdersTable>
	<northwind:OrdersTable>
		<OrderID>10762</OrderID>
		<CustomerID>FOLKO</CustomerID>
		<EmployeeID>3</EmployeeID>
		<OrderDate>1997-12-02T07:00:00</OrderDate>
		<RequiredDate>1997-12-30T07:00:00</RequiredDate>
		<ShippedDate>1997-12-09T07:00:00</ShippedDate>
		<ShipVia>1</ShipVia>
		<Freight>328.74</Freight>
		<ShipName>Folk och fä HB</ShipName>
		<ShipAddress>Åkergatan 24</ShipAddress>
		<ShipCity>Bräcke</ShipCity>
		<ShipPostalCode>S-844 67</ShipPostalCode>
		<ShipCountry>Sweden</ShipCountry>
	</northwind:OrdersTable>
	<northwind:OrdersTable>
		<OrderID>10763</OrderID>
		<CustomerID>FOLIG</CustomerID>
		<EmployeeID>3</EmployeeID>
		<OrderDate>1997-12-03T07:00:00</OrderDate>
		<RequiredDate>1997-12-31T07:00:00</RequiredDate>
		<ShippedDate>1997-12-08T07:00:00</ShippedDate>
		<ShipVia>3</ShipVia>
		<Freight>37.35</Freight>
		<ShipName>Folies gourmandes</ShipName>
		<ShipAddress>184, chaussée de Tournai</ShipAddress>
		<ShipCity>Lille</ShipCity>
		<ShipPostalCode>59000</ShipPostalCode>
		<ShipCountry>France</ShipCountry>
	</northwind:OrdersTable>
	<northwind:OrdersTable>
		<OrderID>10774</OrderID>
		<CustomerID>FOLKO</CustomerID>
		<EmployeeID>4</EmployeeID>
		<OrderDate>1997-12-11T07:00:00</OrderDate>
		<RequiredDate>1997-12-25T07:00:00</RequiredDate>
		<ShippedDate>1997-12-12T07:00:00</ShippedDate>
		<ShipVia>1</ShipVia>
		<Freight>48.2</Freight>
		<ShipName>Folk och fä HB</ShipName>
		<ShipAddress>Åkergatan 24</ShipAddress>
		<ShipCity>Bräcke</ShipCity>
		<ShipPostalCode>S-844 67</ShipPostalCode>
		<ShipCountry>Sweden</ShipCountry>
	</northwind:OrdersTable>
	<northwind:OrdersTable>
		<OrderID>10789</OrderID>
		<CustomerID>FOLIG</CustomerID>
		<EmployeeID>1</EmployeeID>
		<OrderDate>1997-12-22T07:00:00</OrderDate>
		<RequiredDate>1998-01-19T07:00:00</RequiredDate>
		<ShippedDate>1997-12-31T07:00:00</ShippedDate>
		<ShipVia>2</ShipVia>
		<Freight>100.6</Freight>
		<ShipName>Folies gourmandes</ShipName>
		<ShipAddress>184, chaussée de Tournai</ShipAddress>
		<ShipCity>Lille</ShipCity>
		<ShipPostalCode>59000</ShipPostalCode>
		<ShipCountry>France</ShipCountry>
	</northwind:OrdersTable>
	<northwind:OrdersTable>
		<OrderID>10791</OrderID>
		<CustomerID>FRANK</CustomerID>
		<EmployeeID>6</EmployeeID>
		<OrderDate>1997-12-23T07:00:00</OrderDate>
		<RequiredDate>1998-01-20T07:00:00</RequiredDate>
		<ShippedDate>1998-01-01T07:00:00</ShippedDate>
		<ShipVia>2</ShipVia>
		<Freight>16.85</Freight>
		<ShipName>Frankenversand</ShipName>
		<ShipAddress>Berliner Platz 43</ShipAddress>
		<ShipCity>München</ShipCity>
		<ShipPostalCode>80805</ShipPostalCode>
		<ShipCountry>Germany</ShipCountry>
	</northwind:OrdersTable>
	<northwind:OrdersTable>
		<OrderID>10807</OrderID>
		<CustomerID>FRANS</CustomerID>
		<EmployeeID>4</EmployeeID>
		<OrderDate>1997-12-31T07:00:00</OrderDate>
		<RequiredDate>1998-01-28T07:00:00</RequiredDate>
		<ShippedDate>1998-01-30T07:00:00</ShippedDate>
		<ShipVia>1</ShipVia>
		<Freight>1.36</Freight>
		<ShipName>Franchi S.p.A.</ShipName>
		<ShipAddress>Via Monte Bianco 34</ShipAddress>
		<ShipCity>Torino</ShipCity>
		<ShipPostalCode>10100</ShipPostalCode>
		<ShipCountry>Italy</ShipCountry>
	</northwind:OrdersTable>
	<northwind:OrdersTable>
		<OrderID>10824</OrderID>
		<CustomerID>FOLKO</CustomerID>
		<EmployeeID>8</EmployeeID>
		<OrderDate>1998-01-09T07:00:00</OrderDate>
		<RequiredDate>1998-02-06T07:00:00</RequiredDate>
		<ShippedDate>1998-01-30T07:00:00</ShippedDate>
		<ShipVia>1</ShipVia>
		<Freight>1.23</Freight>
		<ShipName>Folk och fä HB</ShipName>
		<ShipAddress>Åkergatan 24</ShipAddress>
		<ShipCity>Bräcke</ShipCity>
		<ShipPostalCode>S-844 67</ShipPostalCode>
		<ShipCountry>Sweden</ShipCountry>
	</northwind:OrdersTable>
	<northwind:OrdersTable>
		<OrderID>10859</OrderID>
		<CustomerID>FRANK</CustomerID>
		<EmployeeID>1</EmployeeID>
		<OrderDate>1998-01-29T07:00:00</OrderDate>
		<RequiredDate>1998-02-26T07:00:00</RequiredDate>
		<ShippedDate>1998-02-02T07:00:00</ShippedDate>
		<ShipVia>2</ShipVia>
		<Freight>76.1</Freight>
		<ShipName>Frankenversand</ShipName>
		<ShipAddress>Berliner Platz 43</ShipAddress>
		<ShipCity>München</ShipCity>
		<ShipPostalCode>80805</ShipPostalCode>
		<ShipCountry>Germany</ShipCountry>
	</northwind:OrdersTable>
	<northwind:OrdersTable>
		<OrderID>10860</OrderID>
		<CustomerID>FRANR</CustomerID>
		<EmployeeID>3</EmployeeID>
		<OrderDate>1998-01-29T07:00:00</OrderDate>
		<RequiredDate>1998-02-26T07:00:00</RequiredDate>
		<ShippedDate>1998-02-04T07:00:00</ShippedDate>
		<ShipVia>3</ShipVia>
		<Freight>19.26</Freight>
		<ShipName>France restauration</ShipName>
		<ShipAddress>54, rue Royale</ShipAddress>
		<ShipCity>Nantes</ShipCity>
		<ShipPostalCode>44000</ShipPostalCode>
		<ShipCountry>France</ShipCountry>
	</northwind:OrdersTable>
	<northwind:OrdersTable>
		<OrderID>10880</OrderID>
		<CustomerID>FOLKO</CustomerID>
		<EmployeeID>7</EmployeeID>
		<OrderDate>1998-02-10T07:00:00</OrderDate>
		<RequiredDate>1998-03-24T07:00:00</RequiredDate>
		<ShippedDate>1998-02-18T07:00:00</ShippedDate>
		<ShipVia>1</ShipVia>
		<Freight>88.01</Freight>
		<ShipName>Folk och fä HB</ShipName>
		<ShipAddress>Åkergatan 24</ShipAddress>
		<ShipCity>Bräcke</ShipCity>
		<ShipPostalCode>S-844 67</ShipPostalCode>
		<ShipCountry>Sweden</ShipCountry>
	</northwind:OrdersTable>
	<northwind:OrdersTable>
		<OrderID>10902</OrderID>
		<CustomerID>FOLKO</CustomerID>
		<EmployeeID>1</EmployeeID>
		<OrderDate>1998-02-23T07:00:00</OrderDate>
		<RequiredDate>1998-03-23T07:00:00</RequiredDate>
		<ShippedDate>1998-03-03T07:00:00</ShippedDate>
		<ShipVia>1</ShipVia>
		<Freight>44.15</Freight>
		<ShipName>Folk och fä HB</ShipName>
		<ShipAddress>Åkergatan 24</ShipAddress>
		<ShipCity>Bräcke</ShipCity>
		<ShipPostalCode>S-844 67</ShipPostalCode>
		<ShipCountry>Sweden</ShipCountry>
	</northwind:OrdersTable>
	<northwind:OrdersTable>
		<OrderID>10929</OrderID>
		<CustomerID>FRANK</CustomerID>
		<EmployeeID>6</EmployeeID>
		<OrderDate>1998-03-05T07:00:00</OrderDate>
		<RequiredDate>1998-04-02T07:00:00</RequiredDate>
		<ShippedDate>1998-03-12T07:00:00</ShippedDate>
		<ShipVia>1</ShipVia>
		<Freight>33.93</Freight>
		<ShipName>Frankenversand</ShipName>
		<ShipAddress>Berliner Platz 43</ShipAddress>
		<ShipCity>München</ShipCity>
		<ShipPostalCode>80805</ShipPostalCode>
		<ShipCountry>Germany</ShipCountry>
	</northwind:OrdersTable>
	<northwind:OrdersTable>
		<OrderID>10955</OrderID>
		<CustomerID>FOLKO</CustomerID>
		<EmployeeID>8</EmployeeID>
		<OrderDate>1998-03-17T07:00:00</OrderDate>
		<RequiredDate>1998-04-14T07:00:00</RequiredDate>
		<ShippedDate>1998-03-20T07:00:00</ShippedDate>
		<ShipVia>2</ShipVia>
		<Freight>3.26</Freight>
		<ShipName>Folk och fä HB</ShipName>
		<ShipAddress>Åkergatan 24</ShipAddress>
		<ShipCity>Bräcke</ShipCity>
		<ShipPostalCode>S-844 67</ShipPostalCode>
		<ShipCountry>Sweden</ShipCountry>
	</northwind:OrdersTable>
	<northwind:OrdersTable>
		<OrderID>10963</OrderID>
		<CustomerID>FURIB</CustomerID>
		<EmployeeID>9</EmployeeID>
		<OrderDate>1998-03-19T07:00:00</OrderDate>
		<RequiredDate>1998-04-16T07:00:00</RequiredDate>
		<ShippedDate>1998-03-26T07:00:00</ShippedDate>
		<ShipVia>3</ShipVia>
		<Freight>2.7</Freight>
		<ShipName>Furia Bacalhau e Frutos do Mar</ShipName>
		<ShipAddress>Jardim das rosas n. 32</ShipAddress>
		<ShipCity>Lisboa</ShipCity>
		<ShipPostalCode>1675</ShipPostalCode>
		<ShipCountry>Portugal</ShipCountry>
	</northwind:OrdersTable>
	<northwind:OrdersTable>
		<OrderID>10971</OrderID>
		<CustomerID>FRANR</CustomerID>
		<EmployeeID>2</EmployeeID>
		<OrderDate>1998-03-24T07:00:00</OrderDate>
		<RequiredDate>1998-04-21T07:00:00</RequiredDate>
		<ShippedDate>1998-04-02T07:00:00</ShippedDate>
		<ShipVia>2</ShipVia>
		<Freight>121.82</Freight>
		<ShipName>France restauration</ShipName>
		<ShipAddress>54, rue Royale</ShipAddress>
		<ShipCity>Nantes</ShipCity>
		<ShipPostalCode>44000</ShipPostalCode>
		<ShipCountry>France</ShipCountry>
	</northwind:OrdersTable>
	<northwind:OrdersTable>
		<OrderID>10977</OrderID>
		<CustomerID>FOLKO</CustomerID>
		<EmployeeID>8</EmployeeID>
		<OrderDate>1998-03-26T07:00:00</OrderDate>
		<RequiredDate>1998-04-23T07:00:00</RequiredDate>
		<ShippedDate>1998-04-10T07:00:00</ShippedDate>
		<ShipVia>3</ShipVia>
		<Freight>208.5</Freight>
		<ShipName>Folk och fä HB</ShipName>
		<ShipAddress>Åkergatan 24</ShipAddress>
		<ShipCity>Bräcke</ShipCity>
		<ShipPostalCode>S-844 67</ShipPostalCode>
		<ShipCountry>Sweden</ShipCountry>
	</northwind:OrdersTable>
	<northwind:OrdersTable>
		<OrderID>10980</OrderID>
		<CustomerID>FOLKO</CustomerID>
		<EmployeeID>4</EmployeeID>
		<OrderDate>1998-03-27T07:00:00</OrderDate>
		<RequiredDate>1998-05-08T07:00:00</RequiredDate>
		<ShippedDate>1998-04-17T07:00:00</ShippedDate>
		<ShipVia>1</ShipVia>
		<Freight>1.26</Freight>
		<ShipName>Folk och fä HB</ShipName>
		<ShipAddress>Åkergatan 24</ShipAddress>
		<ShipCity>Bräcke</ShipCity>
		<ShipPostalCode>S-844 67</ShipPostalCode>
		<ShipCountry>Sweden</ShipCountry>
	</northwind:OrdersTable>
	<northwind:OrdersTable>
		<OrderID>10993</OrderID>
		<CustomerID>FOLKO</CustomerID>
		<EmployeeID>7</EmployeeID>
		<OrderDate>1998-04-01T07:00:00</OrderDate>
		<RequiredDate>1998-04-29T07:00:00</RequiredDate>
		<ShippedDate>1998-04-10T07:00:00</ShippedDate>
		<ShipVia>3</ShipVia>
		<Freight>8.81</Freight>
		<ShipName>Folk och fä HB</ShipName>
		<ShipAddress>Åkergatan 24</ShipAddress>
		<ShipCity>Bräcke</ShipCity>
		<ShipPostalCode>S-844 67</ShipPostalCode>
		<ShipCountry>Sweden</ShipCountry>
	</northwind:OrdersTable>
	<northwind:OrdersTable>
		<OrderID>11001</OrderID>
		<CustomerID>FOLKO</CustomerID>
		<EmployeeID>2</EmployeeID>
		<OrderDate>1998-04-06T07:00:00</OrderDate>
		<RequiredDate>1998-05-04T07:00:00</RequiredDate>
		<ShippedDate>1998-04-14T07:00:00</ShippedDate>
		<ShipVia>2</ShipVia>
		<Freight>197.3</Freight>
		<ShipName>Folk och fä HB</ShipName>
		<ShipAddress>Åkergatan 24</ShipAddress>
		<ShipCity>Bräcke</ShipCity>
		<ShipPostalCode>S-844 67</ShipPostalCode>
		<ShipCountry>Sweden</ShipCountry>
	</northwind:OrdersTable>
	<northwind:OrdersTable>
		<OrderID>11012</OrderID>
		<CustomerID>FRANK</CustomerID>
		<EmployeeID>1</EmployeeID>
		<OrderDate>1998-04-09T07:00:00</OrderDate>
		<RequiredDate>1998-04-23T07:00:00</RequiredDate>
		<ShippedDate>1998-04-17T07:00:00</ShippedDate>
		<ShipVia>3</ShipVia>
		<Freight>242.95</Freight>
		<ShipName>Frankenversand</ShipName>
		<ShipAddress>Berliner Platz 43</ShipAddress>
		<ShipCity>München</ShipCity>
		<ShipPostalCode>80805</ShipPostalCode>
		<ShipCountry>Germany</ShipCountry>
	</northwind:OrdersTable>
	<northwind:OrdersTable>
		<OrderID>11026</OrderID>
		<CustomerID>FRANS</CustomerID>
		<EmployeeID>4</EmployeeID>
		<OrderDate>1998-04-15T07:00:00</OrderDate>
		<RequiredDate>1998-05-13T07:00:00</RequiredDate>
		<ShippedDate>1998-04-28T07:00:00</ShippedDate>
		<ShipVia>1</ShipVia>
		<Freight>47.09</Freight>
		<ShipName>Franchi S.p.A.</ShipName>
		<ShipAddress>Via Monte Bianco 34</ShipAddress>
		<ShipCity>Torino</ShipCity>
		<ShipPostalCode>10100</ShipPostalCode>
		<ShipCountry>Italy</ShipCountry>
	</northwind:OrdersTable>
	<northwind:OrdersTable>
		<OrderID>11050</OrderID>
		<CustomerID>FOLKO</CustomerID>
		<EmployeeID>8</EmployeeID>
		<OrderDate>1998-04-27T07:00:00</OrderDate>
		<RequiredDate>1998-05-25T07:00:00</RequiredDate>
		<ShippedDate>1998-05-05T07:00:00</ShippedDate>
		<ShipVia>2</ShipVia>
		<Freight>59.41</Freight>
		<ShipName>Folk och fä HB</ShipName>
		<ShipAddress>Åkergatan 24</ShipAddress>
		<ShipCity>Bräcke</ShipCity>
		<ShipPostalCode>S-844 67</ShipPostalCode>
		<ShipCountry>Sweden</ShipCountry>
	</northwind:OrdersTable>
	<northwind:OrdersTable>
		<OrderID>11060</OrderID>
		<CustomerID>FRANS</CustomerID>
		<EmployeeID>2</EmployeeID>
		<OrderDate>1998-04-30T07:00:00</OrderDate>
		<RequiredDate>1998-05-28T07:00:00</RequiredDate>
		<ShippedDate>1998-05-04T07:00:00</ShippedDate>
		<ShipVia>2</ShipVia>
		<Freight>10.98</Freight>
		<ShipName>Franchi S.p.A.</ShipName>
		<ShipAddress>Via Monte Bianco 34</ShipAddress>
		<ShipCity>Torino</ShipCity>
		<ShipPostalCode>10100</ShipPostalCode>
		<ShipCountry>Italy</ShipCountry>
	</northwind:OrdersTable>
</northwind:root>