﻿<?xml version="1.0" encoding="utf-8" standalone="yes"?>
<!--XML Nodes added using the XmlTextWriter-->
<golfers xmlns="x-schema:golfers.xdr">
  <golfer skill="moderate" handicap="12" clubs="Taylor Made" id="1111">
    <firstName>Paul</firstName>
    <lastName>Allsing</lastName>
    <favoriteCourses>
      <course city="Phoenix" state="Arizona" name="Ocotillo" />
      <course city="Tempe" state="Arizona" name="Ken McDonald" />
      <course city="Phoenix" state="Arizona" name="Ahwatukee CC" />
    </favoriteCourses>
  </golfer>
</golfers>